{"cameraMode":{"drawMode":0,"name":"Shaded","section":"Shading Mode"},"sceneLighting":true,"audioPlay":false,"sceneViewState":{"showFog":true,"showMaterialUpdate":false,"showSkybox":true,"showFlares":true,"showImageEffects":true,"showParticleSystems":true},"in2DMode":false,"pivot":{"x":-0.7800296545028687,"y":6.8135528564453129,"z":3.7305450439453127},"rotation":{"x":-0.31788337230682375,"y":0.06591592729091644,"z":-0.0221597608178854,"w":-0.9455763697624207},"size":10.0,"orthographic":false}